step,agent_pos_y,agent_pos_x,reward,penalty,alignment_bonus,distance_bonus
1,218,375,5.146114782924469,0.0,2.110104348113153,1.625
2,211,374,4.271114782924469,0.0,2.110104348113153,0.7499999999999998
3,204,373,3.2711147829244687,0.0,2.110104348113153,-0.25000000000000006
4,211,365,3.1895078261084864,0.0,1.25,0.7499999999999998
5,211,357,2.299299825811373,0.0,0.38989565188684683,0.7499999999999998
6,211,349,2.007836811603772,0.0,0.0,0.8750000000000001
7,204,341,2.111251677318003,0.0,0.8601043481131532,0.12500000000000028
8,197,340,-2.0,-2.0,0.0,0.0
