step,agent_pos_y,agent_pos_x,reward,penalty,alignment_bonus,distance_bonus
1,225,382,9.65,0.0,5.0,2.25
2,218,388,7.4625,0.0,3.75,1.375
3,211,387,4.575,0.0,2.5,0.4999999999999998
4,211,393,7.80625,0.0,5.0,0.4999999999999998
5,204,392,3.7000000000000006,0.0,2.5,-0.3749999999999996
6,204,398,6.920833333333334,0.0,5.0,-0.3749999999999996
7,197,397,-2.0,-2.0,0.0,0.0
999999996
7,197,362,-2.0,-2.0,0.0,0.0
