step,agent_pos_y,agent_pos_x,reward,penalty,alignment_bonus,distance_bonus
1,218,368,4.0,0.0,1.25,1.625
2,218,374,8.428109565518811,0.0,4.610104348113153,1.625
3,211,380,6.595336811603773,0.0,3.75,0.6250000000000002
4,204,379,3.7527526087028287,0.0,2.5,-0.25000000000000006
5,197,378,-2.0,-2.0,0.0,0.0
