step,agent_pos_y,agent_pos_x,reward,penalty,alignment_bonus,distance_bonus
1,232,375,7.753885217075531,0.0,2.8898956518868464,3.3749999999999996
2,225,374,6.060104348113153,0.0,2.110104348113153,2.5000000000000004
3,218,373,5.047107826383593,0.0,2.110104348113153,1.5000000000000004
4,218,379,8.702752608702829,0.0,5.0,1.5000000000000004
5,211,378,4.617202086962264,0.0,2.5,0.6250000000000002
6,218,370,4.014335072468554,0.0,1.25,1.5000000000000004
7,211,362,3.244430062115902,0.0,1.25,0.7499999999999998
8,204,361,3.4253569568159827,0.0,2.110104348113153,-0.12499999999999967
9,197,367,-2.0,-2.0,0.0,0.0
