step,agent_pos_y,agent_pos_x,reward,penalty,alignment_bonus,distance_bonus
1,218,382,7.525000000000001,0.0,3.75,1.5000000000000004
2,211,374,2.8406095655188106,0.0,0.8601043481131532,0.7499999999999998
3,204,366,2.3203368116037724,0.0,1.25,-0.12499999999999967
4,197,372,-2.0,-2.0,0.0,0.0
