step,agent_pos_y,agent_pos_x,reward,penalty,alignment_bonus,distance_bonus
1,218,382,7.525000000000001,0.0,3.75,1.5000000000000004
2,211,388,6.1156095655188105,0.0,3.360104348113153,0.4999999999999998
3,218,394,7.387003478270438,0.0,3.75,1.375
4,211,393,4.534002608702829,0.0,2.5,0.4999999999999998
5,204,385,2.1672020869622637,0.0,1.25,-0.3749999999999996
6,197,391,-2.0,-2.0,0.0,0.0
